query_id,product_id,shade_id,score,label,L_lab,a_lab,b_lab,C_lab,H_lab_deg,depth,warmth,sat_eff
scored_cluster_12_bright1,P10061920,353192,-14.5545410452863,1,31.12069022538889,54.95405668447684,26.806074614449315,61.14338870488058,26.002686978743952,68.8793097746111,-0.6709537277891044,1.9647182714154123
scored_cluster_12_bright1,P10060424,355106,-54.78866664641654,0,46.81254614918564,8.994144949216853,13.982937631965786,16.625798873647184,57.2499500407439,53.18745385081436,9.48586515735736,0.3551569021830787
scored_cluster_12_bright1,P10024435,270654,-8.457200823718637,1,46.41643260920038,54.72222422448453,42.03711696323433,69.00464496434573,37.5311433440101,53.58356739079962,14.676004850992069,1.486642576462631
scored_cluster_12_bright1,P4147086,217099,-4.730329776292636,1,34.37422990349075,58.27610335586189,38.87212970054277,70.05102918443752,33.704627222581735,65.62577009650926,9.734078022611826,2.037893776271152
scored_cluster_12_bright1,P10049039,323729,-55.26658698414017,0,61.63001338579413,29.9964539583738,9.717733315974586,31.531279562955287,17.950392093159394,38.36998661420587,-5.280493663212315,0.5116221436716956
scored_cluster_12_bright1,P10033916,278154,-4.036939528642472,1,40.73722385811353,54.2615999910947,36.69112673482245,65.50236648140563,34.06614669271602,59.26277614188647,9.560326739275098,1.607924160702465
scored_cluster_12_bright1,P10060056,330257,-57.19481924252534,0,16.375075768395938,17.544824279331323,4.36432396112878,18.07949619403972,13.968967321087462,83.62492423160407,-4.4080881785368815,1.1040862619355525
scored_cluster_12_bright1,P10023791,269036,-10.195157386265793,1,38.57457592430609,50.2975385817353,31.34334870692553,59.26422104056613,31.9294561316936,61.42542407569391,6.194579416057881,1.5363544412480077
scored_cluster_12_bright1,P10052826,328090,-11.11706561290732,1,36.520517142235406,49.66045667883373,31.04262050728888,58.56453914708007,32.00939452358273,63.479482857764594,6.212392167872011,1.6036065129907784
scored_cluster_12_bright1,P10050994,321498,-8.659757019174076,1,42.36208971938249,64.61584359821792,35.99064884745366,73.963058673706,29.11755240056482,57.63791028061751,3.6827270483447023,1.7459728536447696
scored_cluster_12_bright1,P10057990,350346,-4.855647087668278,1,43.73708022929871,58.02757114155382,38.427765844485215,69.59807612561337,33.51383569207724,56.262919770701295,9.413980273708304,1.5912830888741138
scored_cluster_12_bright1,P4147086,217106,-73.43752335529992,0,14.197679363085548,-4.338746723009379e-06,1.7354986892037516e-06,4.672973231964053e-06,158.19859051364824,85.80232063691446,3.904872050708441e-06,3.2913641113166306e-07
scored_cluster_12_bright1,P10023936,307363,-75.49346284236132,0,73.74066174284428,17.131920839760117,19.72641271115134,26.127266793724907,49.02646097161568,26.25933825715572,11.160452291271282,0.3543128875740021
scored_cluster_12_bright1,P4147086,324931,-49.92666765692917,0,45.90291143533311,19.974191502442228,6.289882217989007,20.941130449247712,17.479239100741438,54.09708856466689,-3.697213533232107,0.4562048417941651
scored_cluster_12_bright1,P10052981,327620,-50.70011019069111,0,61.954197300446296,34.28350087883775,13.7601447328501,36.94184640185505,21.86872335570507,38.0458026995537,-3.3816057065687755,0.5962767336441455
scored_cluster_12_bright1,P10051094,322169,-5.308964442492654,1,36.010061893835385,56.82116920813471,34.46646108073453,66.45737137149847,31.24007124302585,63.989938106164615,6.05587647666718,1.8455222756191765
scored_cluster_12_bright1,P10057037,344731,-4.862769486470944,1,40.54065475452074,61.30208965442519,40.90310161801387,73.6953860019252,33.712735824890785,59.45934524547926,10.252056790801277,1.8178144000919805
scored_cluster_12_bright1,P10058623,348854,-5.627053471959898,1,37.293658377284544,53.23658261582853,35.20907011727724,63.82642358095338,33.47944800327565,62.706341622715456,8.590778809362977,1.711455147018504
scored_cluster_12_bright1,P10054584,336730,-10.55384405318361,1,44.25944144629664,59.97112856048864,47.5540469703329,76.53707365764178,38.41262299138032,55.74055855370336,17.56848269008858,1.72928241199135
scored_cluster_12_bright1,P1000203314,352485,-4.963131102156527,1,40.706450130002,53.02294397502166,40.94544222277894,66.9922519892951,37.67608134505872,59.293549869998,14.433970235268106,1.6457404606725847
scored_cluster_12_bright1,P1000206798,367304,-55.14623336108973,0,19.79968038316546,17.941330374455138,5.18295390318988,18.67496577688799,16.11313204678015,80.20031961683455,-3.787711284037689,0.9431953150499464
scored_cluster_12_bright1,P3557001,432983,-50.68688385788182,0,13.777988933343815,28.814880684137705,5.243712795969535,29.288118285880145,10.313784087777094,86.22201106665618,-9.163727546099317,2.125717942405992
scored_cluster_12_bright1,P4147089,217271,-64.51431735825663,0,31.71560497622444,14.583134035201509,-9.050905653210394,17.163527942470584,328.17452402993496,68.28439502377556,-16.342472670811148,0.5411698107394514
scored_cluster_12_bright1,P1000203663,355751,-54.93789654663011,0,62.64504026144208,34.51384681726671,8.459912001504822,35.53555590108246,13.772595412147725,37.35495973855792,-8.797011407128533,0.5672525031954452
scored_cluster_12_bright1,P10054584,336731,-14.264896883712831,1,45.51864209680882,61.37509457673457,50.81640053849086,79.68192265496263,39.6235504633371,54.48135790319118,20.128853250123576,1.7505338249215678
scored_cluster_12_bright1,P1000206800,367290,-9.358039082525597,1,38.2140148670137,50.209848177980106,32.65625365684058,59.89540681016973,33.03979018241836,61.7859851329863,7.55132956785053,1.56736754875425
scored_cluster_12_bright1,P1000203315,381741,-59.40973133247703,0,51.08210722898028,12.669446841228782,3.0060472952721184,13.02118288037361,13.347604874423157,48.91789277101972,-3.3286761253422723,0.2549069250805365
scored_cluster_12_bright1,P1260038,327891,-67.7031060730508,0,71.21464649588692,21.37427359533739,23.372596054274688,31.67235100280107,47.557037384069645,28.785353504113075,12.685459256605991,0.4447449023654191
scored_cluster_12_bright1,P1000203575,356810,-98.75697352844388,0,84.66029109240272,4.179732007259796,27.39259031628152,27.709640269916022,81.32437044372034,15.339708907597284,25.30272431265162,0.32730386244092
scored_cluster_12_bright1,P1000208609,377622,-13.793293233862418,1,43.10035784232798,51.13415895404905,27.163413066500407,57.901236786093605,27.978068420349075,56.89964215767202,1.5963335894758828,1.3434050129678967
scored_cluster_12_bright1,P1000207388,371378,-57.55582483088198,0,58.97243712397744,46.89755949100466,-6.086613790927942,47.29088658137248,352.60518521282233,41.02756287602256,-29.53539353643027,0.8019150791064154
scored_cluster_12_bright1,P10054586,344639,-54.70607543332518,0,63.113509952770414,30.788845450801627,13.069648061422344,33.448000009608776,23.000880721473266,36.88649004722959,-2.3247746639784683,0.5299657717442563
scored_cluster_12_bright1,P10024398,240634,-53.25818228038926,0,25.66885478526181,22.16358659647663,0.9962542653267904,22.185966135841376,2.573715527627485,74.33114521473819,-10.085539032911525,0.8643146069991329
scored_cluster_12_bright1,P10058733,338333,-57.05436097174323,0,16.806543935113233,18.84087902442541,2.88376964651893,19.06029511280498,8.702109784117397,83.19345606488676,-6.536669865693776,1.1340996213375598
scored_cluster_12_bright1,P10042950,279870,-53.440824964398026,0,57.49519283876667,20.76435407980504,14.97662073319188,25.601905572386386,35.801626815580335,42.50480716123333,4.594443693289362,0.4452877589989412
scored_cluster_12_bright1,P10056141,341748,-51.35769521929623,0,21.2798869321214,30.59620152722048,-1.3671214425524658,30.626729648021115,357.4415706132671,78.7201130678786,-16.665222206162706,1.439233664432254
scored_cluster_12_bright1,P10054586,336732,-14.100628627744712,1,44.61603101731071,61.27622231587526,51.11196559271871,79.79478960468428,39.83229508234518,55.38396898268929,20.47385443478108,1.7884779928928338
scored_cluster_12_bright1,P1061005,26266,-59.70426198846332,0,19.68120517598573,16.771021742618323,-0.6358301620070339,16.78307034741541,357.8288177110024,80.31879482401428,-9.021341033316196,0.8527460690208892
scored_cluster_12_bright1,P10056358,338521,-68.95042681985694,0,69.98599294047638,21.68971087334648,14.967755856981867,26.35293670852604,34.60899573902776,30.01400705952362,4.122900420308628,0.3765458715566044
scored_cluster_12_bright1,P1737004,33622,-53.789966727511285,0,67.22933921515383,40.80896080746488,15.957778263695666,43.81805528887016,21.357294137735607,32.77066078484617,-4.446702140036773,0.6517698344265944
scored_cluster_12_bright1,P10051094,322165,-54.5511593638789,0,63.1350335619761,33.45998852328952,10.881100355112828,35.18478615704098,18.014389269886294,36.8649664380239,-5.848893906531931,0.5572941704782981
scored_cluster_12_bright1,P10014832,235030,-12.511853817112884,1,47.86112175186315,59.97307975369542,30.50203556753386,67.28405805914365,26.957681545168384,52.13887824813685,0.5154956906861479,1.4058186602474354
scored_cluster_12_bright1,P10052826,328089,-6.755385155153784,1,40.32118843350475,63.25980443157753,36.23987321406473,72.90494679576224,29.807257308914306,59.67881156649525,4.609970998275966,1.8081051087071167
scored_cluster_12_bright1,P4147086,217098,-8.514466315229745,1,31.113011176217547,54.57785812498414,40.834263514360906,68.16289074174571,36.80323689961489,68.88698882378245,13.545334451868836,2.19081625869272
scored_cluster_12_bright1,P10014122,187908,-60.69898598748277,0,67.15075861771614,30.36776905663713,12.728977055548896,32.9276214500522,22.74151869738455,32.849241382283864,-2.454907472769669,0.4903536777224885
scored_cluster_12_bright1,P10043303,329906,-52.02157967197813,0,39.60172742577009,13.237255521154731,11.016353347691265,17.221642628202748,39.76801827398441,60.39827257422991,4.397725587113898,0.4348709954757196
scored_cluster_12_bright1,P10049035,319094,-52.08120168994604,0,64.27468407522571,34.12413296513917,17.137630705898488,38.18579365201478,26.66646152067028,35.72531592477429,0.0755642233289037,0.5941031714340742
scored_cluster_12_bright1,P10048530,313004,-13.043677581858072,1,34.54353527948822,52.75802070297192,27.41197199625229,59.45439392692969,27.455451576844386,65.45646472051178,1.0329616447663348,1.721143868046228
scored_cluster_12_bright1,P10049039,323735,-11.23830244980686,1,49.55540238347875,60.85730899680908,39.76646299258096,72.69789293558246,33.16211655123601,50.44459761652125,9.33780849417642,1.4670023738888895
scored_cluster_12_bright1,P10056327,343374,-53.46677281542257,0,63.16125858961148,40.6028674532658,7.658626107695921,41.318850410980126,10.681788867550154,36.83874141038852,-12.64280761893698,0.6541802892093745
scored_cluster_12_bright1,P10062116,372558,-13.425327529360274,1,47.38855341659372,67.3242818332177,41.409275057954616,79.03978102945294,31.594505331137213,52.61144658340628,7.747134141345768,1.6679087106671655
scored_cluster_12_bright1,P3462067,329626,-54.78784096546583,0,63.35284043272756,28.866089579872245,15.650777215881597,32.8359247638066,28.465910233297564,36.64715956727244,1.2177324259454725,0.5183023292960963
scored_cluster_12_bright1,P3794015,255534,-55.53209716606285,0,66.95645471162544,36.693675868395005,15.44183275198876,39.810501723480286,22.822862302768613,33.04354528837456,-2.9050051822087437,0.5945730235410465
scored_cluster_12_bright1,P10023791,269300,-50.82945718352039,0,62.555645091321225,31.00856875110297,18.54892342582577,36.13300286786344,30.88731607248508,37.444354908678775,3.0446390502742844,0.5776137839377252
scored_cluster_12_bright1,P3766008,444125,-51.31317124275828,0,64.69535030748807,32.72369646510814,21.670040500637853,39.24832436728753,33.51302335671602,35.30464969251193,5.308192268083783,0.6066637583805584
scored_cluster_12_bright1,P3006023,66027,-66.00060165143529,0,71.4287690417144,27.95564997740402,17.229297893595042,32.83849983731546,31.64587098676276,28.5712309582856,3.251472904893033,0.4597377258193792
scored_cluster_12_bright1,P1737004,9547,-85.54175415277871,0,77.68707216923339,17.800675213425208,7.975906181656489,19.5058739222942,24.135606249085072,22.31292783076661,-0.924431425056115,0.2510826238862836
scored_cluster_12_bright1,P10054583,336718,-58.70309288840117,0,28.32712674154337,15.55359401807993,-1.1448937479949794,15.595674675160732,355.7900736002643,71.67287325845663,-8.921690757034945,0.550556179504389
scored_cluster_12_bright1,P10024398,240636,-2.749417438745575,1,37.91413946187034,55.78494259747846,36.73634612008658,66.79460267760238,33.36630905222154,62.08586053812966,8.843874821347349,1.761733317059106
scored_cluster_12_bright1,P1000203663,355754,-69.42045476944494,0,57.770812884093374,73.57162364154168,-19.08377170375948,76.00640859620894,345.4585054296507,42.22918711590663,-55.86958352453031,1.315654130550352
scored_cluster_12_bright1,P10056358,338518,-75.16955714913291,0,74.69907445762435,22.608310694739565,14.66434055164516,26.94770113171994,32.96849483470612,25.30092554237565,3.3601852042753784,0.3607501341533617
scored_cluster_12_bright1,P1000203314,352456,-5.687597913605385,1,41.57612298999548,60.00564127986991,34.66122255557945,69.29702255115899,30.01213649472004,58.42387701000452,4.658401915644497,1.6667504704042275
scored_cluster_12_bright1,P10062116,364852,-56.09248158933529,0,64.51896373206066,30.280714148078648,14.54122528895372,33.59120245275179,25.650974014277324,35.481036267939345,-0.5991317850856053,0.5206407621835331
scored_cluster_12_bright1,P10060056,330259,-54.4578520168299,0,18.43525312242828,14.804687663928116,11.501933036020096,18.747619592672446,37.84404708685918,81.56474687757172,4.099589204056036,1.016943975120371
scored_cluster_12_bright1,P1000203002,334640,-14.775447360733867,1,38.40052217631828,44.81068990480497,30.791990849713823,54.3704389372888,34.495186030046625,61.59947782368173,8.38664589731134,1.4158775937380148
scored_cluster_12_bright1,P10059488,329736,-9.825065876853786,1,37.005244015538025,54.695945070123486,29.5556903692868,62.170613961252776,28.38516723953694,62.994755984461975,2.2077178342250576,1.6800487502568051
scored_cluster_12_bright1,P10057991,350339,-107.36414951967406,0,79.88464641195783,-7.738138862313837,6.352701974036523,10.01177384000354,140.6153758607698,20.11535358804217,10.221771405193442,0.1253278857663553
scored_cluster_12_bright1,P10023807,267550,-8.311275671291142,1,41.80177545913222,64.8193862208731,40.50045055625896,76.43192608662096,31.997967399295877,58.19822454086778,8.090757445822412,1.8284373150931144
scored_cluster_12_bright1,P10058379,324407,-8.274119497646769,1,32.99974379498542,52.43926769854859,35.6474156882191,63.40831997465893,34.20726884915672,67.00025620501458,9.427781838944805,1.9214791596137888
scored_cluster_12_bright1,P10054584,344632,-60.26576403886264,0,66.35800870424434,26.094710891775897,16.536763201239534,30.893340280701885,32.36328878939827,33.64199129575566,3.4894077553515856,0.4655555656950554
scored_cluster_12_bright1,P10017581,242117,-59.10701891697285,0,62.71363316748169,21.387139230473863,15.66017987827677,26.507564171074996,36.2124890753222,37.28636683251831,4.966610263039838,0.4226762640315297
scored_cluster_12_bright1,P1000203663,355755,-14.799753588078325,1,45.30618918789632,62.2791119467836,26.48874433712034,67.67821925433121,23.041169756771467,54.69381081210368,-4.650811636271456,1.4937963326302368
scored_cluster_12_bright1,P10021336,349200,-10.435082455337998,1,43.069949069160245,63.25810677157306,31.42829455612598,70.63515959513616,26.41939737753177,56.93005093083976,-0.2007588296605504,1.6400102884197203
scored_cluster_12_bright1,P4147086,217092,-52.67742351017486,0,47.264022888245165,68.65039378225613,-11.885025345925415,69.67158957517849,350.17808492029087,52.73597711175484,-46.21022223705348,1.474093513789877
scored_cluster_12_bright1,P10043299,302114,-9.781315337733254,1,43.3507548958554,51.37747712532709,32.30734806468709,60.69110226990732,32.162632823281854,56.649245104144605,6.618609502023546,1.4000010476336542
scored_cluster_12_bright1,P10042096,299779,-108.86269690889716,0,88.22233398417757,2.301740949949005,12.92716132211964,13.13048023679173,79.90402615337405,11.777666015822431,11.77629084714514,0.1488339703089995
scored_cluster_12_bright1,P10057037,344742,-53.08990453592008,0,65.06861773703065,31.58612594201948,20.47553197491401,37.64214076910135,32.95310183096416,34.93138226296935,4.682469003904265,0.5784991610122855
scored_cluster_12_bright1,P3462067,385987,-12.847105717008588,1,41.83997929263875,58.723629891744125,26.42755278529111,64.39627515533714,24.22930260940933,58.16002070736125,-2.9342621605809533,1.5391086765348112
scored_cluster_12_bright1,P1000206800,367292,-51.845935266466746,0,24.30307558838299,18.983722178847135,7.014014317712814,20.238036085863992,20.27802049769201,75.696924411617,-2.4778467717107557,0.8327355939895069
scored_cluster_12_bright1,P4147086,217073,-54.27634690760777,0,59.50086676084648,19.031242573693486,21.81208264842876,28.94745486844483,48.89500320791274,40.49913323915352,12.296461361582011,0.4865047594145839
scored_cluster_12_bright1,P10054584,344640,-61.368533866311424,0,67.56691012384812,24.756967436637577,19.92696136642651,31.78035912254278,38.830698085919096,32.43308987615188,7.548477648107722,0.4703538916355704
scored_cluster_12_bright1,P10054585,344635,-50.57382368510317,0,59.68765568320633,26.79187310934339,17.156315666833244,31.81420487718002,32.63367911088915,40.31234431679367,3.7603791121615497,0.5330114663245392
scored_cluster_12_bright1,P10048132,313395,-11.855405164998066,1,31.616188332308266,52.1873833236638,31.0145525742636,60.70770502623849,30.72268372331729,68.38381166769173,4.920860912431699,1.92014623610405
scored_cluster_12_bright1,P10044132,300964,-11.467626349532733,1,42.27715475971543,52.08713752298544,29.125016671569647,59.67693433360672,29.212151876355733,57.72284524028457,3.0814479100769283,1.4115645831131236
scored_cluster_12_bright1,P10057524,345815,-12.821548505309636,1,49.93028537127282,51.44580688181366,35.73221583635562,62.63754700095438,34.78231004609552,50.06971462872718,10.009312395448791,1.254500080165627
scored_cluster_12_bright1,P3766008,444126,-59.07332582956392,0,66.55528532573913,29.435408694192034,15.221685153232878,33.138240506977226,27.344460455525397,33.444714674260865,0.5039808061368607,0.49790546828535
scored_cluster_12_bright1,P10058623,348861,-11.218506560334692,1,45.68393087934929,60.37026624615949,47.261695730818666,76.66966107910395,38.05610579582418,54.31606912065071,17.07656260773892,1.6782632230485506
scored_cluster_12_bright1,P10050401,320549,-10.642527149093878,1,44.21199049131684,57.10206552606589,29.59077743577655,64.3137621088736,27.39357604959639,55.78800950868316,1.039744672743602,1.4546678716377792
scored_cluster_12_bright1,P3891114,139080,-50.27817744398375,0,60.15105358996074,25.442033476174903,21.2167371203988,33.12773764444099,39.82555768944167,39.84894641003926,8.495720382311344,0.5507424337114194
scored_cluster_12_bright1,P1000203315,352496,-94.73271800018412,0,79.63146416380248,1.4896250344871298,22.331557078708244,22.38118460455065,86.1837423329099,20.368535836197523,21.58674456146468,0.2810595640752303
scored_cluster_12_bright1,P10024435,270675,-1.6089603349640451,1,39.67994969205897,58.60412368000956,39.10041156376851,70.45058904479039,33.7110419537467,60.32005030794103,9.798349723763732,1.7754707249260815
scored_cluster_12_bright1,P10018122,255999,-9.92157445127238,1,37.94905865059544,58.23297979582501,48.66738765090632,75.89199270453078,39.886712922561,62.05094134940456,19.550897752993816,1.999838610050476
scored_cluster_12_bright1,P10014832,271363,-12.57509620543996,1,48.50959429213218,65.36641529992544,39.291991316315446,76.2668265418441,31.01023015704891,51.49040570786782,6.608783666352728,1.5722008739663669
scored_cluster_12_bright1,P10014832,271365,-5.886325969060356,1,44.62621836036206,57.49524450838523,37.237824184245646,68.50079336077643,32.929834518817415,55.37378163963794,8.490201930053033,1.534989875405178
scored_cluster_12_bright1,P3766008,444121,-9.897863852821404,1,38.54565964454106,54.80291832935657,48.45448634674152,73.15187697209612,41.48179142291468,61.45434035545894,21.053027182063232,1.8977980308726168
scored_cluster_12_bright1,P10052826,328087,-12.594312211210188,1,39.0518853956962,61.75873679133764,27.12387071577327,67.4525457834447,23.71064060855184,60.9481146043038,-3.755497679895552,1.7272545256132104
scored_cluster_12_bright1,P10062116,364858,-12.244913206214395,1,49.40735731782237,63.27705375299253,36.87560547816372,73.23793969685579,30.232103767452145,50.592642682177626,5.237078601667456,1.4823286180990938
scored_cluster_12_bright1,P10014519,235298,-13.128879487534912,1,39.832157273099824,64.35818060353698,49.81389769531618,81.38427252360809,37.740241824528994,60.167842726900176,17.63480739354769,2.043180136230532
scored_cluster_12_bright1,P10062116,364857,-13.33112519009252,1,36.86869869698566,46.03082294117223,31.854818330162114,55.97826463449165,34.6844874093988,63.13130130301434,8.839406859576002,1.518314087908624
scored_cluster_12_bright1,P10060056,330276,-58.33105320488512,0,17.342808136066793,11.424304974196051,9.853882097935111,15.08687298758251,40.77897492871125,82.6571918639332,4.141729610837087,0.8699209994837716
scored_cluster_12_bright1,P10060424,355110,-49.91760902074778,0,32.55765994177487,13.58354046636176,15.402175247359972,20.536298935097232,48.59017140102896,67.44234005822513,8.610405014179094,0.6307670444320546
scored_cluster_12_bright1,P10060056,330254,-12.793129296176616,1,43.59451950243792,51.33830735674039,28.45264122802864,58.69560967488164,28.99603237997161,56.40548049756208,2.783487549658446,1.3463988213380635
scored_cluster_12_bright1,P10016548,239691,-59.0115035089273,0,61.2274886978728,23.478118683947223,9.536351283599153,25.34095603448526,22.106024639949908,38.7725113021272,-2.2027080583744585,0.4138820091010146
scored_cluster_12_bright1,P4147086,217072,-50.19791215003433,0,61.3458280174973,25.204559673782324,26.287921907504558,36.41874059552735,46.20528134363275,38.6541719825027,13.685642070613392,0.5936628744360555
scored_cluster_12_bright1,P10056588,344088,-52.20228530617572,0,18.60016298890826,19.437827404666763,9.097018736085282,21.46124143888934,25.0798733299178,81.39983701109173,-0.6218949662480995,1.1538200741405982
scored_cluster_12_bright1,P1000203315,381740,-84.24141651972587,0,40.42997183313864,-23.936729363233543,16.16585439729907,28.88428397941276,145.96657283831098,59.57002816686136,28.134219078915844,0.7144275068660226
scored_cluster_12_bright1,P10054583,344634,-50.49979781064164,0,58.92572473423998,25.53830885010555,17.173686656005984,30.775651614255995,33.91955564979054,41.07427526576002,4.404532230953208,0.5222787119387465
scored_cluster_12_bright1,P10057991,350337,-112.89584487891057,0,89.12859011156671,0.3790078957812692,8.929823940442837,8.937863424352075,87.56965786021146,10.871409888433291,8.740319992552202,0.1002805431249849
scored_cluster_12_bright1,P10026821,352516,-10.797092636264942,1,41.97727005131797,64.71089563168975,45.98498825985416,79.38588765463525,35.39844005945247,58.02272994868203,13.629540444009288,1.891163659704039
scored_cluster_12_bright1,P1061005,64685,-69.31686380553488,0,42.31392193152085,71.30380634040672,-28.92466935102631,76.94718510573617,337.9198719812479,57.68607806847915,-64.57657252122968,1.8184838841047253
scored_cluster_12_bright1,P10058379,324416,-55.30075943227087,0,64.9687370139979,27.4503517397422,21.336615376774137,34.76741241985032,37.85721663376222,35.031262986002105,7.611439506903039,0.5351406540711954
scored_cluster_12_bright1,P1000208609,377629,-9.251102794754855,1,33.5585335967645,56.75889122265587,31.367945539744248,64.84997872173624,28.92734594167757,66.4414664032355,2.9884999284163136,1.9324437563621275
scored_cluster_12_bright1,P10013914,234722,-3.71513763003992,1,35.96946546022586,56.70313610651745,36.72469925274366,67.55700688691525,32.92976208986016,64.03053453977414,8.373131199484938,1.878176559549324
scored_cluster_12_bright1,P10062116,364854,-84.30842562546428,0,80.48080458624922,28.32402806000639,6.907984414002111,29.15425893772856,13.70635936144157,19.51919541375078,-7.254029616001085,0.3622510869220334
scored_cluster_12_bright1,P10059488,344299,-52.05737756839943,0,25.100553107060016,22.92805898832273,2.18993919701691,23.032405924232883,5.455969402457015,74.89944689293998,-9.274090297144456,0.9176055135515948
scored_cluster_12_bright1,P10014519,235290,-13.378720958220653,1,41.3518032420252,45.7395900009378,45.37433344647782,64.42779081394957,44.77031450173519,58.6481967579748,22.50453844600892,1.5580406599650436
scored_cluster_12_bright1,P10056609,342446,-13.866027422444226,1,31.97772014236073,50.53327634974119,28.89863653612792,58.21291276243219,29.764090721534046,68.02227985763926,3.631998361257324,1.8204209838373635
scored_cluster_12_bright1,P10048132,313397,-14.288748456565232,1,50.932168774579736,60.8727290859607,43.69686443320055,74.93267049602778,35.67228805386435,49.06783122542026,13.260499890220196,1.4712248132937686
scored_cluster_12_bright1,P1000203314,352466,-10.786964378800825,1,44.413530694883946,64.05180296414936,45.14387810044054,78.36200095011387,35.17628131000231,55.58646930511605,13.11797661836586,1.7643722470175174
scored_cluster_12_bright1,P10049033,315956,-10.571350529343274,1,41.80705072779064,48.429856781125046,33.64049041591952,58.96722499205688,34.784731179218284,58.19294927220936,9.425562025357,1.4104612491322968
scored_cluster_12_bright1,P10060056,330252,-75.22040456544207,0,9.485671480555965,1.2619343644885013,-1.909670723914369,2.2889562280770317,303.4572281573086,90.51432851944404,-2.5406379061586204,0.2413067153726552
scored_cluster_12_bright1,P3462073,329655,-69.58919238436592,0,74.50023908446582,30.951927787985117,15.690967384095613,34.70199261197255,26.8825637633783,25.499760915534186,0.2150034901030544,0.465797063719871
scored_cluster_12_bright1,P1061005,9279,-53.564276789216265,0,60.98034054007559,26.07878025941124,15.559993195670918,30.368012250853408,30.822559063648384,39.01965945992441,2.5206030659652985,0.4979967639061624
scored_cluster_12_bright1,P10044132,300959,-52.11070344460824,0,25.75682685471282,14.728492802294934,11.6748160967724,18.794409570952464,38.40276314728936,74.24317314528719,4.310569695624933,0.7296865284286206
scored_cluster_12_bright1,P4147087,217119,-56.00105076216486,0,60.01634138264805,46.34554449635109,-2.7475175194030976,46.42691403897835,356.6072871052816,39.98365861735195,-25.92028976757864,0.773571213596191
scored_cluster_12_bright1,P10052826,330940,-2.844518798990844,1,41.18938254081659,55.43679132698201,38.46036577738866,67.47175385568302,34.75174098217525,58.81061745918341,10.741970113897654,1.6380860720313526
scored_cluster_12_bright1,P3975084,163729,-52.73343261670448,0,7.91059245290365,24.434031772404275,11.586665964456277,27.0420549667874,25.370400024427227,92.08940754709636,-0.6303499217458608,3.418461401947383
scored_cluster_12_bright1,P10049870,320377,-59.14865013764216,0,63.58560615767473,23.16667965836222,15.265739134977308,27.744149612672427,33.382980565108255,36.41439384232527,3.6823993057961975,0.4363275163859349
scored_cluster_12_bright1,P10062115,372556,-14.63999987904316,1,41.44804917734648,53.19045225642138,24.98791009436037,58.76750685648047,25.16328698406153,58.55195082265352,-1.6073160338503245,1.417859417340201
scored_cluster_12_bright1,P10023766,270992,-6.665970640793649,1,45.39187299182817,57.17848807190495,37.048795016424194,68.13217089127569,32.9412153594709,54.60812700817183,8.459550980471718,1.5009772983710414
scored_cluster_12_bright1,P10050401,320334,-49.93897585819944,0,63.24254231927459,35.63936692132452,16.823841493289592,39.41073606448037,25.27001922604637,36.75745768072541,-0.9958419673726696,0.6231681178393907
scored_cluster_12_bright1,P1000207843,371871,-132.3371998425497,0,100.00000386666652,-1.6666666047271406e-05,6.666666418908562e-06,1.79505486900059e-05,158.19859051364824,-3.866666517637896e-06,1.4999999442544263e-05,1.795054799591807e-07
scored_cluster_12_bright1,P4147089,217266,-53.665077060820856,0,25.582859430989902,19.096782608612138,3.495066458824614,19.41397938476787,10.371410466309555,74.41714056901009,-6.053324845481455,0.7588666715359684
scored_cluster_12_bright1,P1000206201,360950,-55.49528478592792,0,64.26691381515724,34.615039505935805,10.865391491902198,36.28026587926,17.426667151477545,35.73308618484276,-6.4421282610657045,0.5645247877252721
scored_cluster_12_bright1,P10062145,371610,-53.26742196822143,0,66.13327989465358,31.037108760093133,24.78365956506259,39.71815581850154,38.60796066800464,33.86672010534642,9.265105185016022,0.6005774381940564
scored_cluster_12_bright1,P3006023,239552,-60.05474772360743,0,23.716718106777265,31.737537599119207,-13.360378726477473,34.43502595570994,337.1706319298208,76.28328189322274,-29.229147526037075,1.451930482146677
scored_cluster_12_bright1,P10062644,384146,-52.01757651312317,0,63.7181907645339,39.72076988335099,11.335952912146618,41.30669907596743,15.928273054283636,36.2818092354661,-8.524432029528876,0.6482716878860142
scored_cluster_12_bright1,P4036087,165073,-12.32601262940596,1,30.10749907027199,53.62166310224431,31.06840828243132,61.97199970191728,30.088015860936707,69.89250092972802,4.257576731309165,2.058357605767001
scored_cluster_12_bright1,P10060056,330250,-51.5932617863985,0,41.89835818462049,14.068080913961667,10.663100517934554,17.65255259891183,37.16082156002011,58.10164181537951,3.62906006095372,0.4213184803358595
scored_cluster_12_bright1,P10062116,372559,-7.200487235468315,1,32.62984587410799,54.00504694064806,40.08433617646687,67.25547637010395,36.584029370536825,67.37015412589201,13.08181270614284,2.061164390098196
scored_cluster_12_bright1,P3557001,432981,-54.85934237243622,0,27.168355730990815,43.78837932740237,-13.017816215033172,45.68244414574225,343.4433501351633,72.83164426900919,-34.91200587873436,1.6814578179875823
scored_cluster_12_bright1,P10023912,267363,-5.600738132013799,1,37.07411826401162,61.71214230283761,36.17239656190053,71.53202625843248,30.3765783765536,62.92588173598838,5.316325410481728,1.929432973942624
scored_cluster_12_bright1,P10056323,343354,-6.62811648139662,1,43.50112830357621,53.201373551344574,41.61824035513779,67.54601452349151,38.03527424407946,56.49887169642379,15.017553579465506,1.552741668034817
scored_cluster_12_bright1,P3891114,139084,-50.005816964968055,0,55.28898619389672,29.858333406166672,6.123491008765614,30.47978372508968,11.589790118731912,44.71101380610328,-8.805675694317722,0.5512812916879692
scored_cluster_12_bright1,P4147089,217246,-55.23526797609774,0,30.156778237253853,11.739013851171707,8.715529789755582,14.620701272993651,36.59172172567759,69.84322176274614,2.8460228641697274,0.4848230523157187
scored_cluster_12_bright1,P3966089,163167,-72.8571327670313,0,74.80570506115565,29.879387507384838,11.141461038871636,31.889025571458895,20.44953836957444,25.19429493884435,-3.798232714820781,0.4262913576630121
scored_cluster_12_bright1,P10059862,356523,-3.955179194896174,1,38.81286594427053,58.939121420223785,42.3935085049534,72.60185670592342,35.72656656492535,61.187134055729466,12.92394779484151,1.870561602180288
scored_cluster_12_bright1,P1000203315,352500,-132.3371998425497,0,100.00000386666652,-1.6666666047271406e-05,6.666666418908562e-06,1.79505486900059e-05,158.19859051364824,-3.866666517637896e-06,1.4999999442544263e-05,1.795054799591807e-07
scored_cluster_12_bright1,P3462064,206087,-132.3371998425497,0,100.00000386666652,-1.6666666047271406e-05,6.666666418908562e-06,1.79505486900059e-05,158.19859051364824,-3.866666517637896e-06,1.4999999442544263e-05,1.795054799591807e-07
scored_cluster_12_bright1,P3472144,380666,-10.487115387409824,1,47.362272519746014,62.19825228462938,42.655850675474106,75.41978642313136,34.44251079805974,52.63772748025399,11.556724533159414,1.592402188718621
scored_cluster_12_bright1,P10054584,336741,-10.069063575911988,1,31.19895398378556,50.88204950359854,37.7297474203163,63.34442992156072,36.55744901514765,68.80104601621444,12.288722668517032,2.0303382592404065
scored_cluster_12_bright1,P3891114,139096,-56.71460629785308,0,18.731481566887872,12.894192208025512,9.775817958564236,16.181063298080655,37.16782823525625,81.26851843311212,3.32872185455148,0.8638432171155292
scored_cluster_12_bright1,P10014519,235294,-10.164464192683685,1,41.593507038449154,66.03489319399559,43.101255618337966,78.85635900179335,33.13265550670786,58.406492961550846,10.083809021340173,1.8958814636356176
scored_cluster_12_bright1,P10023936,372538,-79.80299531815125,0,72.90513206911095,16.410202670138872,8.016428162224788,18.263566797182406,26.0356335935806,27.09486793088905,-0.1886731728446484,0.2505114013080632
scored_cluster_12_bright1,P10023866,364946,-53.01089351395965,0,36.7466244489261,11.992169970168664,11.226141180777882,16.426758243919345,43.11035773131721,63.2533755510739,5.23005619569355,0.4470276791478029
scored_cluster_12_bright1,P10013914,299894,-10.037547167806974,1,41.661524222621416,65.83802579277604,43.16247220588922,78.7251208142255,33.24827816043819,58.33847577737858,10.243459309501205,1.889636115893217
scored_cluster_12_bright1,P10049033,315952,-53.94518220878777,0,11.99996616809528,20.26224476358393,10.226916614765749,22.696880541271657,26.781343871054844,88.00003383190472,0.0957942329737822,1.891412044278644
scored_cluster_12_bright1,P10018121,313745,-57.770475001164144,0,65.18588059714925,24.260872986494707,21.551770605771026,32.45102115975096,41.61579051728313,34.81411940285075,9.421334112523672,0.497822854619381
scored_cluster_12_bright1,P10057037,344713,-60.78818258049628,0,64.60492497888295,21.129932478970325,17.817006524534797,27.63909853922809,40.13797894449516,35.39507502111705,7.252040285049635,0.4278172066334313
scored_cluster_12_bright1,P10017374,236224,-4.746276417392524,1,35.882591310853954,56.45003296615775,42.38129006148767,70.58880909291678,36.89831653236865,64.11740868914605,14.156273578408792,1.9672160374762204
scored_cluster_12_bright1,P3891114,139086,-58.48383483305611,0,59.424848658061904,19.62102814799016,11.399234578634989,22.69200948710734,30.155315456972687,40.575151341938096,1.588720504639907,0.3818606189084306
scored_cluster_12_bright1,P3891114,139093,-58.63042823354547,0,63.25093718170677,21.78014452350208,17.582604093991748,27.991474812712045,38.91313090803112,36.749062818293226,6.692531832240709,0.4425464042105552
scored_cluster_12_bright1,P3462073,329652,-7.01624783070369,1,40.0641124870908,57.50836645475702,31.93213005671993,65.77897188504772,29.041688549329308,59.9358875129092,3.1779468293414226,1.641842731602818
scored_cluster_12_bright1,P10056141,341751,-13.837191388279996,1,27.177577933901617,49.96384514337679,39.332645852718784,63.588071611637446,38.21060492364819,72.82242206609838,14.35072328103039,2.339725481287903
scored_cluster_12_bright1,P4147086,217085,-52.74854872828218,0,51.75180610313311,14.195685340627428,14.09728749140331,20.00627393857689,44.800736431012126,48.248193896866894,6.999444821089597,0.3865811735866294
scored_cluster_12_bright1,P1000203722,364943,-54.42366420926697,0,34.99789456582893,8.17470721967728,15.515794327910593,17.53755147543312,62.21688633374703,65.00210543417107,11.428440718071952,0.5011030432829622
scored_cluster_12_bright1,P10054584,336734,-6.313064681704014,1,35.4897448927246,59.2079876892006,33.999006936114284,68.27531236725672,29.865738177666344,64.5102551072754,4.395013091513984,1.923803976997681
scored_cluster_12_bright1,P10048254,308593,-12.843867238806933,1,45.32397353634191,67.81599105070546,42.24735435426403,79.89898367391237,31.921684000790663,54.67602646365809,8.339358828911301,1.7628415480793478
scored_cluster_12_bright1,P10062145,371611,-87.35577437033004,0,77.50261924210163,10.450776853429488,14.627705913521826,17.977444677502387,54.45605777904416,22.49738075789837,9.402317486807082,0.2319591886481241
scored_cluster_12_bright1,P10056323,343380,-51.77416912870528,0,59.64718911943192,30.984781719086087,10.280057255336072,32.64561647989511,18.354689390271915,40.352810880568086,-5.212333604206972,0.5473119012285491
scored_cluster_12_bright1,P10024435,312381,-14.665260192651928,1,48.02260176079845,46.35500542563664,42.8643664052345,63.13588864768594,42.75948959573782,51.97739823920155,19.68686369241618,1.3147119550533115
scored_cluster_12_bright1,P3472144,379364,-10.823915864463691,1,42.94646393992218,67.15755242259885,37.51156941870727,76.92369392877988,29.186009287553816,57.05353606007782,3.93279320740784,1.7911531444448712
scored_cluster_12_bright1,P1000206201,360954,-97.7658846217634,0,73.62427321092196,38.03512537410708,-29.21240129100404,47.958681710517226,322.474387189414,26.375726789078044,-48.22996397805758,0.6513976928929831
scored_cluster_12_bright1,P3462073,329648,-70.08677690206889,0,73.88664827552692,35.622340908849914,8.813309200879726,36.69639751932924,13.89647022342308,26.11335172447308,-8.997861253545231,0.4966580346490556
scored_cluster_12_bright1,P10056588,344081,-57.4474101641722,0,21.00819591871985,16.26687420925055,2.7498179429470526,16.497657265773654,9.594802255420689,78.99180408128015,-5.383619161678222,0.7852962400770942
scored_cluster_12_bright1,P10057037,344730,-67.23873822426644,0,71.6054456281156,27.39702048104914,15.804793522880155,31.62891445402293,29.979788100774897,28.3945543718844,2.1062832823555877,0.4417110203920574
scored_cluster_12_bright1,P10058734,338346,-10.55327981900104,1,32.78192131635225,51.55476560508188,32.42235055941332,60.90240284580258,32.16543569644415,67.21807868364775,6.644967756872379,1.857804558130743
scored_cluster_12_bright1,P10023866,270876,-12.778287231643926,1,47.80044437997733,65.9982373918121,36.09589647208513,75.22420541919651,28.675225058182377,52.19955562002267,3.0967777761790813,1.5737135165778178
scored_cluster_12_bright1,P10052826,328092,-82.77564791394077,0,72.61852538390335,29.538431797741072,-8.806336848549346,30.82321400762612,343.39902402056555,27.381474616096654,-23.575552747419884,0.4244538682750284
scored_cluster_12_bright1,P10052826,330934,-8.481262539534004,1,40.74567999540236,49.002906456119376,37.45630474191432,61.67868032040195,37.393176621987095,59.25432000459764,12.954851513854637,1.513747723129461
scored_cluster_12_bright1,P10025188,270692,-53.533322832113626,0,70.41264488561258,41.70036823520829,26.73365490599689,49.53391782995667,32.663492928054325,29.58735511438742,5.883470788392742,0.7034804318233747
scored_cluster_12_bright1,P10058452,349569,-11.215248241016116,1,49.581521924964335,54.794380982044814,41.61389739755148,68.80509169981111,37.2150557184259,50.41847807503567,14.216706906529076,1.3877164118507563
scored_cluster_12_bright1,P10023807,267548,-51.817125246199865,0,63.24448308252804,35.91763780612101,13.400991337728074,38.33618753091596,20.46071398633967,36.755516917471965,-4.557827565332429,0.606158603287039
scored_cluster_12_bright1,P10060056,330265,-6.767392383668563,1,41.73343098362013,51.88587684749782,42.04604039950362,66.78333421977672,39.01979272558407,58.26656901637987,16.103101975754708,1.6002358935211527
scored_cluster_12_bright1,P3462067,363937,-50.1706378393907,0,18.5482154379328,27.0943860564144,4.290115983232545,27.431931228471875,8.997497267855977,81.4517845620672,-9.257077044974654,1.478952588202694
scored_cluster_12_bright1,P4036087,165072,-12.67656898318426,1,38.43384751043531,63.00746345169572,50.099438294813616,80.49778983346442,38.48943796051856,61.56615248956469,18.59570656896576,2.0944504661316614
scored_cluster_12_bright1,P10056588,344087,-6.278416061322042,1,34.60607356812736,56.22997075329545,34.447869438524805,65.94289438423303,31.49266504332093,65.39392643187264,6.332884061877081,1.9055295092757156
scored_cluster_12_bright1,P10060056,330228,-54.12192452108575,0,38.76105771830333,20.235184357711823,-0.6960553776419687,20.2471523696378,358.0299009748461,61.23894228169667,-10.81364755649788,0.5223580975726807
scored_cluster_12_bright1,P10052826,330931,-61.97493148148173,0,62.88182248417375,17.75575061731216,15.807997542242802,23.773082809760613,41.67876756869936,37.11817751582625,6.930122233586722,0.3780596978680743
scored_cluster_12_bright1,P10058379,324406,-9.083827497697843,1,39.01693495243877,61.36187381137942,30.79245087862599,68.65460355108203,26.64829028243946,60.983065047561226,0.1115139729362795,1.7596103752068497
scored_cluster_12_bright1,P10054584,336739,-8.068159608198712,1,35.85525304736855,59.88559494129581,45.78600693317569,75.38330658944172,37.40000745530921,64.14474695263145,15.843209462527788,2.1024340977276736
scored_cluster_12_bright1,P10053872,330424,-53.59320044111659,0,63.66090868324261,33.701089785944546,13.378773217553697,36.259550818605405,21.652256025574047,36.33909131675739,-3.471771675418577,0.569573252543754
scored_cluster_12_bright1,P10054681,270407,-1.824596709469421,1,37.7781710878452,55.89620345989721,39.35702776990566,68.36198648453211,35.14972636109343,62.221828912154805,11.40892603995706,1.8095631555474367
scored_cluster_12_bright1,P1737004,255472,-56.31381850913776,0,59.56927778124502,21.36526304433217,13.383599244987488,25.21101334147312,32.06379641710714,40.43072221875498,2.7009677228213995,0.4232217391329635
scored_cluster_12_bright1,P10024435,270658,-51.2628089552411,0,60.96655458240764,28.49555838997769,16.754492822639833,33.05616247691975,30.45419016373336,39.03344541759236,2.5067136276509867,0.5422015841856078
scored_cluster_12_bright1,P10023936,268764,-52.94321362467281,0,59.74342521131514,22.94023967543429,18.274794078008338,29.329553269014824,38.541742645146144,40.25657478868486,6.804674240291192,0.4909252049957781
scored_cluster_12_bright1,P10024436,270737,-9.583498588526371,1,44.20012299337394,49.42587413586713,36.74771626786833,61.58986673957279,36.6304882005586,55.79987700662606,12.03477919993476,1.393432021644052
scored_cluster_12_bright1,P10062115,364847,-66.06717487585703,0,67.4680472686627,29.60014687652152,5.265721661666545,30.064871856201066,10.087115057383985,32.5319527313373,-9.534351776594214,0.4456164521329711
scored_cluster_12_bright1,P3891114,139090,-64.73874935347706,0,67.52405276351683,20.62905365931167,18.633202273487992,27.798454666464437,42.08994017697876,32.475947236483165,8.318675443832158,0.4116822603024193
scored_cluster_12_bright1,P1000207987,371279,-114.6183560509066,0,92.39573426045024,11.240077583580533,-0.2416073613888292,11.242673979173588,358.76860719464565,7.604265739549746,-5.861646153179096,0.1216795782744916
scored_cluster_12_bright1,P10049034,315948,-8.91805525955878,1,38.320637307400936,49.77018980295056,33.934154589164045,60.23785056509743,34.28682532092466,61.67936269259906,9.049059687688764,1.5719428171791805
scored_cluster_12_bright1,P3169001,111249,-62.26144500814756,0,26.884374403957672,15.733143729366766,-6.006215046146879,16.84061848001652,339.10536616910895,73.11562559604232,-13.872786910830262,0.626409163440954
scored_cluster_12_bright1,P10056588,344062,-6.057376060691864,1,38.85320131357075,61.41279089910695,43.185388380651176,75.07668516660226,35.114832837372205,61.14679868642925,12.4789929310977,1.9323165821185315
scored_cluster_12_bright1,P10024436,270712,-53.02594244697675,0,63.61642995544251,33.474417036820746,14.450357060561746,36.460244309833165,23.349065736044626,36.38357004455749,-2.286851457848627,0.573126224394708
scored_cluster_12_bright1,P10048530,313005,-5.629093432733015,1,38.89497417037346,56.136110142307096,33.324390339623186,65.28229356737403,30.69487380597451,61.10502582962654,5.256335268469638,1.6784249111829967
scored_cluster_12_bright1,P10052293,324966,-10.037547167806974,1,41.661524222621416,65.83802579277604,43.16247220588922,78.7251208142255,33.24827816043819,58.33847577737858,10.243459309501205,1.889636115893217
scored_cluster_12_bright1,P1000203663,355746,-64.15872948497743,0,66.26273162340924,25.004459194989504,10.156044416801269,26.988297794228064,22.105480897658254,33.73726837659076,-2.3461851806934835,0.4072922611704354
scored_cluster_12_bright1,P10049033,315954,-53.5313194287547,0,65.97171570547887,33.277002604752745,20.129891325328387,38.89179125633392,31.170540894626697,34.02828429452113,3.4913900229520145,0.5895222041815719
scored_cluster_12_bright1,P10048530,314335,-3.1194698763033832,1,38.91168878359073,59.23037856515548,36.506763020257296,69.5771621380813,31.647687856985726,61.08831121640927,6.891573737679558,1.788078706247835
scored_cluster_12_bright1,P10050362,320297,-77.6118871964171,0,75.31579169857719,17.537025207964906,19.266786615446584,26.05295222484293,47.69089381850017,24.684208301422814,10.498274011464131,0.3459161968197846
scored_cluster_12_bright1,P1000207987,371300,-49.95269738529741,0,68.59848111605201,47.21221479265642,23.21613364514066,52.61161551460816,26.185190318235986,31.401518883947983,-0.3899737511875507,0.7669501519370676
scored_cluster_12_bright1,P10054680,270410,-1.715542898281852,1,37.80651717451992,56.642495031727165,39.99108697007413,69.33728636503788,35.22309446802791,62.19348282548008,11.669839454210546,1.8340035408437048
scored_cluster_12_bright1,P10054681,270360,-14.878838873315566,1,36.93277745085621,46.2571409570397,28.95950415410733,54.57449926816736,32.04882103749503,63.067222549143786,5.830933675587477,1.4776711375359113
scored_cluster_12_bright1,P10023936,272779,-50.09090331108281,0,60.248216994864606,22.56551608383833,29.16326039747808,36.87408674314633,52.26854279372077,39.751783005135394,17.88050235555891,0.6120361494895256
scored_cluster_12_bright1,P10052826,328085,-8.168070757607392,1,42.075723328016224,64.44778416124308,36.79087595066316,74.20973949901226,29.720460842605803,57.924276671983776,4.566983870041618,1.763718686913209
scored_cluster_12_bright1,P10033916,278152,-12.172533057463074,1,42.70756099437365,68.19755964171192,42.43629533769784,80.32276329331039,31.89215949379025,57.29243900562635,8.337515516841876,1.8807621279026496
scored_cluster_12_bright1,P3472144,380648,-14.697507265918588,1,32.59588945788035,49.90260452591422,27.793005254366555,57.12023353890495,29.11540101638036,67.40411054211965,2.841702991409445,1.7523753604795596
scored_cluster_12_bright1,P10034208,280226,-54.56564555223278,0,59.37695733061459,20.26819819419484,18.247106507769374,27.27190411293356,41.99615750886068,40.62304266938541,8.113007410671953,0.4593011386737434
scored_cluster_12_bright1,P1000203314,358927,-4.313721620418795,1,38.88904481331279,56.880010049790656,34.553028758366644,66.55259078083135,31.277520116250457,61.11095518668721,6.113023733471316,1.7113454727499136
scored_cluster_12_bright1,P10023765,331134,-54.68515637374388,0,62.39810605473612,23.962053838237907,20.39080055628828,31.463705622080475,40.396525112569634,37.60189394526388,8.409773637169327,0.5042413562116815
scored_cluster_12_bright1,P10057416,341700,-12.200369990493009,1,33.42832872995192,53.84543959990226,28.51293617481884,60.92880185114439,27.902695534464613,66.57167127004809,1.5902163748677047,1.822669698606617
scored_cluster_12_bright1,P10056358,354444,-53.27294402066476,0,29.15218955823846,14.421789484477475,8.633444227954667,16.8084612969715,30.906380077952463,70.84781044176154,1.4225494857159298,0.5765762898664124
scored_cluster_12_bright1,P10023936,268774,-11.408478657357142,1,30.89625185434543,52.194539296734845,32.527778916289364,61.50062059544925,31.93127287191436,69.10374814565458,6.430509267921941,1.9905527986172031
scored_cluster_12_bright1,P3124031,83378,-49.97613821530192,0,23.932230549397985,17.462940606285255,12.511816513690178,21.48254750002654,35.620773061005536,76.06776945060201,3.780346210547551,0.8976408386040279
scored_cluster_12_bright1,P10017374,236228,-7.587260721503802,1,32.02107258346993,55.63320177855668,41.46621792018466,69.3866007867358,36.699011744038216,67.97892741653007,13.64961703090632,2.166904328575017
scored_cluster_12_bright1,P3492105,225457,-14.46357107335974,1,37.74861359545499,58.66895597439903,24.52137820125781,63.58729734793808,22.683060839268197,62.25138640454501,-4.813099785941699,1.684493582450247
scored_cluster_12_bright1,P10023765,271002,-12.117450285715051,1,47.10188809972788,58.71026562387277,29.99852282322233,65.93031670787794,27.0651574392499,52.89811190027212,0.6433900112859448,1.399738298564274
scored_cluster_12_bright1,P10018121,255784,-4.31659619047408,1,37.244374481328144,61.05157272425741,38.05824545406339,71.94250884662716,31.93853150346979,62.755625518671856,7.532459091934687,1.931634236002389
scored_cluster_12_bright1,P10058734,338348,-56.42162007337525,0,17.422891233686478,19.22599651914636,3.099483211049048,19.47423267627772,9.158036716155834,82.57710876631353,-6.513515048524132,1.1177382912558769
scored_cluster_12_bright1,P1000203315,381739,-13.508295291712892,1,36.10849033955316,44.33048889644026,41.88599871695308,60.98876236089734,43.37593177703832,63.89150966044684,19.720754268732957,1.6890421556641595
scored_cluster_12_bright1,P10024435,270707,-50.21561519722873,0,62.98457433184436,34.887791864903704,16.427228751478328,38.56179282219951,25.213820577847684,37.01542566815564,-1.0166671809735242,0.6122418581259358
scored_cluster_12_bright1,P10014519,235296,-11.35535376538869,1,39.22123143518906,50.35158320545147,47.9262121720645,69.51405429448958,43.58629996424253,60.77876856481094,22.750420569338768,1.772357770289741
scored_cluster_12_bright1,P1737004,96359,-55.31434825145298,0,58.81385553489966,21.432865068793603,13.438962018164302,25.297695649659,32.0887782304647,41.18614446510034,2.7225294837675005,0.4301315637205174
scored_cluster_12_bright1,P10054680,337260,-57.57428915140818,0,65.96344866164753,28.520239778645205,17.723959671983614,33.57890444141258,31.85896672323884,34.03655133835247,3.463839782661012,0.5090531972282406
scored_cluster_12_bright1,P10054680,275996,-9.111657922906351,1,40.900716647913285,65.92421779095747,37.17394749257441,75.68292319625526,29.418177157730497,59.09928335208672,4.211838597095678,1.8504057972323211
scored_cluster_12_bright1,P10050362,320298,-14.31855081453099,1,43.6983785321164,61.52477842140864,26.056155831883864,66.81483081276824,22.95298312357056,56.3016214678836,-4.706233378820453,1.5290002296918694
scored_cluster_12_bright1,P10057416,341699,-51.18868820573175,0,59.55058690337613,31.90203326444696,10.16128890554735,33.48121142712551,17.667478319429108,40.44941309662387,-5.78972772667613,0.562231426559246
scored_cluster_12_bright1,P10052826,328068,-57.1080012732469,0,61.9961382567821,21.37127401937694,18.038375734270986,27.96630744917949,40.16596348429579,38.0038617432179,7.352738724582515,0.4510975721317625
scored_cluster_12_bright1,P4147089,217273,-77.38980037451873,0,26.974002433477253,-6.83916260858089,-2.9402384002951143,7.444403739533539,203.26345173601703,73.02599756652275,0.4793429039953305,0.2759843948962627
scored_cluster_12_bright1,P10047149,308511,-53.221682513195375,0,58.08631237388657,21.40704204403765,15.848238206129084,26.63509157696675,36.51359219869721,41.91368762611343,5.14471718411026,0.4585433381538073
scored_cluster_12_bright1,P1000203701,356709,-14.157487616233912,1,43.370298169241856,68.633584871862,45.91955863442338,82.57829519639728,33.78465077002994,56.629701830758144,11.602766198492382,1.9040287635135895
scored_cluster_12_bright1,P10049034,315944,-52.02215996877755,0,61.26648531943116,30.98854840370302,13.238142288387287,33.69775279475225,23.13191457499641,38.733514680568845,-2.256131913464221,0.5500193559179857
scored_cluster_12_bright1,P10023802,105584,-12.500976019347778,1,37.54626542161344,61.96335550616372,50.315778215609065,79.81938964327897,39.07745308212361,62.45373457838656,19.334100462527203,2.1258942466573805
scored_cluster_12_bright1,P10056323,343400,-6.015363904279705,1,40.999149542874825,61.51071180544532,35.20575370231636,70.87321610143505,29.78473264972638,59.000850457125175,4.4503977995936985,1.728650884021861
scored_cluster_12_bright1,P10041224,281417,-59.60188733577232,0,65.59631107048571,23.1129234634434,20.419896960250306,30.841196846008295,41.460080630867765,34.40368892951429,8.863435228528605,0.4701666350241596
scored_cluster_12_bright1,P3966089,269030,-125.17370777880654,0,95.89287969946442,1.8410386172370563,0.1104888655383939,1.844351099863064,3.434453625765741,4.107120300535584,-0.8100304430801342,0.0192334520106539
scored_cluster_12_bright1,P10043299,302115,-6.375431505207039,1,44.32233890856991,55.97160350283592,35.599772094613805,66.33373328757487,32.45769576863921,55.67766109143009,7.613970343195845,1.496620776814397
scored_cluster_12_bright1,P10023765,271004,-3.2956956053248025,1,41.00162235928106,58.7241053202596,36.76576094375849,69.28377676944682,32.049700135154524,58.99837764071894,7.403708283628688,1.6897813496827123
scored_cluster_12_bright1,P4147089,217274,-10.390925959477071,1,40.87601166997344,59.20634798564023,28.843207734544805,65.85835007206626,25.97368184170472,59.12398833002656,-0.7599662582753091,1.61117358033353
scored_cluster_12_bright1,P10061920,353191,-10.628621253154687,1,31.3118163962664,50.78585354694243,35.1989158411868,61.791314898506855,34.725251152935755,68.68818360373359,9.805989067715585,1.973418409092192
scored_cluster_12_bright1,P1000208663,369942,-50.04780827382226,0,69.39941011232291,43.90265714677394,29.81476945674104,53.06942417537427,34.18085026018815,30.60058988767709,7.86344088335407,0.7646956089321427
scored_cluster_12_bright1,P10023872,174950,-58.11374533964746,0,64.65204531719066,34.93653176519123,7.444175130452257,35.720820191494205,12.028532792884675,35.347954682809345,-10.024090752143358,0.5525087414673983
scored_cluster_12_bright1,P10024039,306570,-7.085899452806027,1,40.058023086709305,56.66740572118514,31.871509750813807,65.01529054742143,29.354753408008207,59.941976913290695,3.537806890221237,1.623027936418375
scored_cluster_12_bright1,P10057524,345821,-10.035607340349063,1,39.64495490893603,50.9880133440952,30.98514668920762,59.66453569859857,31.28682929358422,60.35504509106397,5.491140017160024,1.5049717129366718
scored_cluster_12_bright1,P10057524,345819,-14.666181093272428,1,50.428440673598885,49.39965853497297,35.70587437247842,60.95273355703696,35.85925164918643,49.57155932640112,11.006045104991934,1.2086975671438502
scored_cluster_12_bright1,P1000203314,352472,-9.314280777420707,1,36.633924658870114,58.30091175771437,29.91052527664,65.52584096450283,27.159502175927173,63.366075341129886,0.7600693977828108,1.7886656036630015
scored_cluster_12_bright1,P1000206798,367299,-13.528938285447875,1,38.32885794698658,46.78716676342504,30.216414853045904,55.69623596186656,32.855465280608826,61.67114205301342,6.822831471333387,1.4531149359811646
scored_cluster_12_bright1,P10062145,371728,-57.324837773776736,0,48.82011168866892,7.4654056940139935,12.063221453954451,14.186387631224644,58.24842790576525,51.17988831133109,8.330518606947457,0.2905849073368114
scored_cluster_12_bright1,P10024040,306573,-11.552974552699792,1,38.53999678545785,49.70009316369539,30.060362311815148,58.0837726288298,31.167022482255163,61.46000321454215,5.210315729967451,1.5071037227160933
scored_cluster_12_bright1,P10057416,345163,-52.77371427366414,0,41.27318388050413,18.479819298577755,3.0477487700508177,18.729455247642232,9.3650948193129,58.72681611949587,-6.19216087923806,0.4537923534532384
scored_cluster_12_bright1,P10014519,235291,-62.56613847792906,0,60.76543059826659,72.32789793387417,-7.976665948886774,72.76642095907322,353.70658067311376,39.23456940173341,-44.14061491582386,1.197497001875092
scored_cluster_12_bright1,P1000208239,371918,-52.497526767511246,0,63.51099671896668,51.864017053146085,71.98145101706768,88.71981489730207,54.22652614868048,36.48900328103332,46.04944249049464,1.3969205252734938
scored_cluster_12_bright1,P4147086,217089,-11.197354883906872,1,48.446556410636205,58.23599116857137,44.73432785805301,73.43426146083108,37.5298854156369,51.5534435893638,15.61633227376733,1.51577876533468
scored_cluster_12_bright1,P10014519,235299,-56.97950849962653,0,17.27410767484409,17.443124853072838,4.260484737224224,17.95589972226421,13.725759777789222,82.72589232515591,-4.461077689312195,1.0394690168808545
scored_cluster_12_bright1,P10057416,345164,-51.33402120348726,0,38.83666027529898,15.183273291137944,9.333274955587756,17.8225084999274,31.579362445389226,61.16333972470102,1.741638310018784,0.4589094009008527
scored_cluster_12_bright1,P10048132,313386,-7.6999369296216225,1,42.5192500258284,60.69938655929575,44.71503263013048,75.3913103201453,36.377725045312616,57.4807499741716,14.365339350482609,1.7731100683654746
scored_cluster_12_bright1,P10049034,312939,-10.0293841025305,1,45.35347446617324,63.32777623289443,43.55610539541812,76.86053317418713,34.519739326886054,54.64652553382676,11.892217278970907,1.6946999999198151
scored_cluster_12_bright1,P10054680,270396,-4.938608728845867,1,41.03395017288555,57.19082110534621,34.36642752980601,66.7221204688904,31.001998690022447,58.96604982711445,5.771016977132906,1.6260223592360623
scored_cluster_12_bright1,P10050401,320340,-58.833459387333946,0,70.29435490566247,39.95865722894043,15.908299388721758,43.00893252547846,21.70843962652026,29.705645094337527,-4.0710292257484575,0.6118404896552216
scored_cluster_12_bright1,P1061005,43384,-59.992355527639184,0,23.663068212612608,14.891576483414742,-0.8487572445766589,14.91574466869195,356.7379107474367,76.33693178738739,-8.29454548628403,0.6303385737924609
scored_cluster_12_bright1,P10054680,270400,-11.290317733250228,1,44.11133648805831,63.925074427054696,46.31055970093048,78.9372097322798,35.92147412303166,55.88866351194169,14.348022487403128,1.7894993898824498
scored_cluster_12_bright1,P10052826,328078,-13.188934721347872,1,47.20901184204655,48.99854290036277,32.59099971953461,58.847518801368295,33.629555896277225,52.79098815795345,8.091728269353226,1.2465314673025194
scored_cluster_12_bright1,P10060056,330278,-82.83150426890731,0,25.153737662840143,22.19425435103467,-34.94230402651257,41.39504241910688,302.42243102067806,74.84626233715986,-46.03943120202991,1.645681567247168
scored_cluster_12_bright1,P10054583,336720,-7.812874156340605,1,33.13982435463748,52.937559807650025,35.85532658487072,63.9373887713305,34.110317447393925,66.86017564536252,9.386546681045704,1.9293218964325407
scored_cluster_12_bright1,P10057037,344723,-14.25476312460283,1,48.564536329500726,67.70487237801004,39.52069613519485,78.39537720256872,30.272969134628283,51.43546367049928,5.668259946189828,1.6142515326548508
scored_cluster_12_bright1,P10023792,269317,-6.884096057600692,1,42.46738950427237,63.07760293855169,39.48593981421329,74.41722539496658,32.04614872999571,57.53261049572763,7.947138344937443,1.7523381178746564
scored_cluster_12_bright1,P10056358,349872,-54.41493855263735,0,59.88012572400066,28.083126933539315,9.391639879119795,29.611905004311264,18.49111366175248,40.11987427599934,-4.649923587649862,0.4945197533618815
scored_cluster_12_bright1,P3462073,363935,-9.86517224036504,1,44.54522732424454,62.87307470631154,44.67538969095464,77.12920307551536,35.39625861115076,55.45477267575546,13.238852337798868,1.7314807378597976
scored_cluster_12_bright1,P10024398,240631,-12.658105317592458,1,34.66374986595447,53.29759556435793,27.604954916983605,60.0222227921506,27.38144463732027,65.33625013404553,0.9561571348046414,1.7315559633408946
scored_cluster_12_bright1,P10057037,344715,-64.78286037746278,0,70.21048933893303,40.58787123933288,5.683658314333062,40.98389029331834,7.971488255021654,29.78951066106697,-14.61027730533338,0.5837288798184177
scored_cluster_12_bright1,P10033916,278151,-11.89603643455448,1,43.21595299760691,67.57274604636426,34.91943037603152,76.06209717088366,27.328472127904377,56.78404700239309,1.1330573528493917,1.7600467395708157
scored_cluster_12_bright1,P10044132,300957,-50.80402033868684,0,33.95176528357551,12.379904562759611,15.426967037062257,19.780125099342563,51.25349131982466,66.04823471642449,9.237014755682448,0.5825948940837956
scored_cluster_12_bright1,P10048132,313387,-6.752706194097766,1,35.5425563676079,53.72555794794537,43.53440523890193,69.14969281437892,39.01822708149916,64.4574436323921,16.671626264929248,1.9455464063749577
scored_cluster_12_bright1,P10056609,342449,-8.972596109795036,1,34.38655320805602,54.44387293021652,31.6464097331844,62.97325264461215,30.168010323393787,65.61344679194397,4.424473268076138,1.8313336688208368
scored_cluster_12_bright1,P1000209088,369307,-2.473588945854278,1,37.47720366132096,58.67006669288649,37.57134387431756,69.66909362314088,32.634829263678625,62.52279633867904,8.23631052787431,1.8589725704387103
scored_cluster_12_bright1,P1737004,33623,-61.3442694363802,0,66.46638792436991,26.692211157869792,13.8897613114912,30.08985885288441,27.491007180925635,33.53361207563009,0.543655732556303,0.4527078993238319
scored_cluster_12_bright1,P10023807,267532,-51.91739232843781,0,62.173299220000175,38.73351059520424,9.019664299492725,39.769827597116176,13.108551100993282,37.82670077999983,-10.347090998109396,0.6396608849144497
scored_cluster_12_bright1,P10058380,324479,-53.13104793728888,0,16.617987465846113,26.881477629611823,1.3702882628068402,26.91638031895275,2.918137077032497,83.38201253415389,-12.070450551999071,1.619713600956329
scored_cluster_12_bright1,P10043116,299733,-51.99588045544368,0,67.43845340973355,38.784292695744185,21.841929507640238,44.51169783917348,29.386659104666933,32.561546590266445,2.449783159768142,0.660034380811423
scored_cluster_12_bright1,P10056323,343412,-53.46677281542257,0,63.16125858961148,40.6028674532658,7.658626107695921,41.318850410980126,10.681788867550154,36.83874141038852,-12.64280761893698,0.6541802892093745
scored_cluster_12_bright1,P10058379,324413,-56.7126153473506,0,33.27177151248232,26.283677623649552,-8.359916472134177,27.581151405352838,342.355956725591,66.72822848751768,-21.501755283958957,0.828965520967389
scored_cluster_12_bright1,P3975084,163724,-12.151988789729096,1,39.780163079294304,45.91423419163182,34.367804685066616,57.35209586645373,36.81565418701695,60.219836920705696,11.410687589250706,1.4417260118349209
scored_cluster_12_bright1,P1000203793,358723,-60.851804366720806,0,62.21820702555488,19.799665512907016,13.189383929963006,23.79047294349076,33.66924116659874,37.781792974445125,3.2895511735094978,0.3823715610081676
scored_cluster_12_bright1,P10052683,329377,-60.28532310293604,0,63.656340943012765,15.062730529312896,32.43301630798916,35.7601230119946,65.08862714036525,36.34365905698724,24.90165104333272,0.5617684347268441
scored_cluster_12_bright1,P10053351,325812,-68.72759484254058,0,68.1936552718085,57.0545204018697,-6.613744866058613,57.43657301267793,353.38779994837404,31.806344728191505,-35.141005066993465,0.8422568460914049
scored_cluster_12_bright1,P10043303,299749,-6.862055327486079,1,42.06562002357308,51.87078939704642,41.916071734106296,66.68984827011896,38.94120093281549,57.934379976426925,15.980677035583083,1.5853765672001687
scored_cluster_12_bright1,P10059488,302308,-12.819667532240162,1,42.83828523946757,54.34775227602484,26.96398840129517,60.66906005503418,26.387759594419837,57.16171476053243,-0.2098877367172527,1.416234560181201
scored_cluster_12_bright1,P10021336,242149,-6.338790538323778,1,38.44033669461276,63.154233208217,36.8099599007526,73.09877098838854,30.236119512652863,61.55966330538724,5.232843296644095,1.9016163039652303
scored_cluster_12_bright1,P4147086,217086,-14.494041446598048,1,28.629409385849712,49.27302138045131,32.48837745136822,59.019702688009055,33.3990323356511,71.37059061415029,7.851866761142567,2.0615061209463845
scored_cluster_12_bright1,P10056358,349871,-52.13540272364682,0,62.92051168321825,28.304948713126382,20.698086912927277,35.06538069817304,36.17626093892056,37.07948831678175,6.54561255636408,0.5572964961682828
scored_cluster_12_bright1,P10042098,299763,-4.3605501787928045,1,35.910716915525605,60.27365996003664,38.65089758023292,71.60171763816689,32.670301069681386,64.0892830844744,8.514067600214602,1.9938815982593396
scored_cluster_12_bright1,P10042096,299778,-132.3371998425497,0,100.00000386666652,-1.6666666047271406e-05,6.666666418908562e-06,1.79505486900059e-05,158.19859051364824,-3.866666517637896e-06,1.4999999442544263e-05,1.795054799591807e-07
scored_cluster_12_bright1,P1000203315,352497,-77.77666429680123,0,3.459613215208297,0.8041469076218027,-1.2663989435786838,1.500139504624458,302.41501785969484,96.5403867847917,-1.6684723973895852,0.4336148035363941
scored_cluster_12_bright1,P10062115,372554,-52.82566237154757,0,58.49901995581375,30.050394944725667,7.393494060759576,30.946566703925026,13.822311587841682,41.50098004418625,-7.631703411603258,0.529010002685515
scored_cluster_12_bright1,P10047902,312871,-59.83333735289544,0,23.63474024278655,20.945656117320578,-6.2207636160237945,21.84990641058891,343.4588224347624,76.36525975721345,-16.693591674684082,0.9244826127191148
scored_cluster_12_bright1,P10014832,241096,-12.23415754014058,1,36.53035268860142,50.82015416650648,28.693466808623437,58.36097246452513,29.44942134091002,63.46964731139858,3.283389725370192,1.59760221758646
scored_cluster_12_bright1,P1000203002,334641,-5.452294245603143,1,43.81702800276199,59.55878661113434,38.06778823844865,70.68525704811438,32.58521933420968,56.18297199723801,8.28839493288148,1.6131914981467654
scored_cluster_12_bright1,P3891114,139085,-73.15240154425334,0,71.1199154558943,22.29710416543851,8.842388227700004,23.986427073113305,21.631848578852495,28.8800845441057,-2.30616385501925,0.3372673732716783
scored_cluster_12_bright1,P10056323,343402,-9.468243087724847,1,44.857669073506926,62.98654211688493,43.472180538065295,76.53192123928591,34.61274120207452,55.142330926493074,11.978909479622832,1.7061056185036123
scored_cluster_12_bright1,P10056588,344063,-73.11854019654902,0,15.159721168846248,-4.476971127154172e-06,1.790788450861669e-06,4.821845471301588e-06,158.19859051364824,84.84027883115375,4.029274014438755e-06,3.180695355539024e-07
scored_cluster_12_bright1,P10054680,270406,-1.3716364450758405,1,38.10592683644414,56.71643910329194,39.81046478234518,69.29377728731325,35.06582628096152,61.89407316355586,11.452245230699209,1.8184514336767517
scored_cluster_12_bright1,P10014122,187903,-50.94606514097181,0,65.10985798710577,37.74735022918219,17.88651967400159,41.770683922734456,25.353856567591265,34.89014201289423,-0.987155440589504,0.6415416223301645
scored_cluster_12_bright1,P4147086,217087,-10.485146763735449,1,48.96528555887612,59.82477469722147,40.62702211899916,72.31568705219468,34.18043757231021,51.03471444112388,10.714634770388422,1.4768766530574382
scored_cluster_12_bright1,P3462064,369317,-12.360415096819988,1,50.13413876197704,53.306250296443366,36.10134762797369,64.38061525974157,34.107592576744764,49.86586123802296,9.448222479752005,1.2841671732988742
scored_cluster_12_bright1,P10023003,268883,-50.94332117077621,0,67.58568253355102,40.21986937083227,23.221543023785387,46.44220012674171,30.00063102347048,32.41431746644898,3.111608338369251,0.6871603331620832
scored_cluster_12_bright1,P10056323,343382,-10.889073290049836,1,46.63704023692398,60.470976206222105,31.853325602871053,68.3474455652587,27.77819610327839,53.36295976307602,1.6178374997600002,1.4655185067071628
scored_cluster_12_bright1,P1737004,33618,-12.09279441061473,1,45.74275785990602,65.9226181473505,33.95870332577374,74.15514220180083,27.25434389594517,54.25724214009398,0.9973942520984878,1.6211340476871103
scored_cluster_12_bright1,P10024436,312391,-14.665260192651928,1,48.02260176079845,46.35500542563664,42.8643664052345,63.13588864768594,42.75948959573782,51.97739823920155,19.68686369241618,1.3147119550533115
scored_cluster_12_bright1,P10014519,235297,-2.9352574506312856,1,36.22899166678379,57.48075049272122,39.846243572630094,69.94111669151299,34.73009534047287,63.77100833321621,11.105868326269484,1.9305289348043837
scored_cluster_12_bright1,P10053872,330422,-62.87071869189143,0,68.78982549396275,29.44725748599275,13.981551447534478,32.59792561385478,25.39835756896809,31.210174506037248,-0.7420772954618968,0.4738771377856699
scored_cluster_12_bright1,P10054584,336738,-12.439148380397906,1,28.12492386094588,51.095836789678856,38.87595393061788,64.2037719394509,37.26546926986492,71.87507613905413,13.328035535778454,2.282806960007594
scored_cluster_12_bright1,P10023807,267530,-56.08774283958592,0,62.18575189407757,26.443283100302416,13.313482404759313,29.60567572045224,26.72402628247886,37.81424810592243,0.0918408546081046,0.4760845502178742
scored_cluster_12_bright1,P10057524,347946,-3.946774644214863,1,42.46927570188431,56.91482185727936,40.6722751030391,69.95377694666057,35.55022841166004,57.53072429811569,12.214864174399416,1.6471619963030546
scored_cluster_12_bright1,P10050401,320341,-10.479415549404797,1,47.87292638507067,57.040699523930094,33.3207807318987,66.0599411955729,30.291678170982493,52.12707361492933,4.800430969933654,1.379901881581526
scored_cluster_12_bright1,P3462073,329651,-92.16962802680509,0,84.372173202513,19.275178151523026,12.994256103842703,23.24614343208791,33.98566431756876,15.627826797487003,3.356667028081194,0.2755190787404719
scored_cluster_12_bright1,P10024436,312390,-9.07019019482301,1,45.94788909771175,52.569860813242165,42.37884331416366,67.52448908781234,38.87379258415609,54.05211090228825,16.093912907542578,1.4695884928296985
scored_cluster_12_bright1,P10047149,312635,-51.5980806912439,0,57.37025332502334,23.07529852171569,14.858118663294029,27.445092313177245,32.77736918249286,42.62974667497666,3.320469402436183,0.478385412692721
scored_cluster_12_bright1,P10051094,322166,-70.54448642439664,0,74.31683494971706,27.674349988434432,16.991188713006288,32.47414573415832,31.54862866463424,25.683165050282938,3.154013718789072,0.4369689015433771
scored_cluster_12_bright1,P10013622,230747,-13.315686300926362,1,37.567569540010666,48.02384515505412,29.289042709377767,56.25066867432218,31.378405983351115,62.43243045998933,5.277120131850708,1.4973198789028237
scored_cluster_12_bright1,P1000203314,381732,-11.3802503878398,1,46.95654544350545,62.80388449070451,33.010314923446614,70.95074910433911,27.72683971858328,53.04345455649455,1.6083726780943586,1.510987412600479
scored_cluster_12_bright1,P1737004,21090,-13.157816966883372,1,38.99283247499222,48.70917363331065,28.78585967793681,56.57923040690704,30.581987231387416,61.00716752500778,4.431272861281485,1.4510161692714612
scored_cluster_12_bright1,P4036087,165075,-9.948524850253303,1,47.50964062998631,60.264048424651605,34.77882947018243,69.57961276009506,29.989563202492548,52.49035937001369,4.646805257856627,1.464536709548988
scored_cluster_12_bright1,P10023765,270996,-50.75295231548112,0,51.988906486785424,19.836179943447608,9.858384365598338,22.15088659735106,26.426919894445405,48.011093513214576,-0.0597056061254654,0.4260694847078845
scored_cluster_12_bright1,P10061920,353196,-53.951720956505305,0,24.15781787763036,27.804691248548924,-3.9043290759988247,28.077475687120145,352.0068007888861,75.84218212236965,-17.806674700273287,1.1622521466692284
scored_cluster_12_bright1,P10054583,336721,-9.356747123506189,1,33.63447590036239,50.80068471811083,34.57224968920683,61.44875927471409,34.23712474678672,66.36552409963761,9.171907330151411,1.826957537758215
scored_cluster_12_bright1,P10049034,315965,-8.091509998468988,1,38.63436748159573,53.56617897174024,31.623156640410222,62.20417643162256,30.5557658033685,61.36563251840428,4.840067154540105,1.6100736335661454
scored_cluster_12_bright1,P10049033,316111,-6.608597652446362,1,40.73880473952618,63.49623255894537,39.66186678720043,74.8654474789626,31.99027571695615,59.26119526047382,7.913750507727745,1.8376937653825072
scored_cluster_12_bright1,P1000206798,367294,-50.25046778676136,0,48.36012856851971,16.815844688996496,10.43207118834064,19.78890451447625,31.814286405446524,51.63987143148029,2.0241488438423936,0.409198757328324
scored_cluster_12_bright1,P10054583,344633,-70.06341470606813,0,71.87188406186279,19.70845182214742,22.61075164211359,29.99448554396705,48.9232675218272,28.128115938137213,12.75652573103988,0.4173326737636332
scored_cluster_12_bright1,P10060424,355104,-9.94713656280208,1,44.22862804658376,52.53311846283337,45.910324132710215,69.7673734449033,41.15121906778546,55.77137195341624,19.64376490129353,1.577425674868795
scored_cluster_12_bright1,P10057037,344719,-58.45611199803003,0,64.51277644677248,24.96101709824505,16.657744992210887,30.0088793993446,33.71718053837617,35.48722355322752,4.177236443088361,0.4651618028578262
scored_cluster_12_bright1,P10014122,187974,-51.675671155142055,0,60.771193975430805,30.647892414305375,13.079654264617504,33.32222479248293,23.11141958355188,39.2288060245692,-2.2442919425351864,0.5483226939058459
scored_cluster_12_bright1,P3462073,369305,-14.62902068337948,1,49.27620014675901,67.2167094338194,41.52694231742662,79.00995484966046,31.70805562606762,50.72379985324099,7.918587600516915,1.6034100562613511
scored_cluster_12_bright1,P3492105,382690,-51.22924153295278,0,52.46680001138444,21.71446610286265,7.644245175237918,23.02069769645393,19.393836567708263,47.53319998861557,-3.212987876193408,0.438766947697569
scored_cluster_12_bright1,P4147087,217123,-14.363026294142957,1,47.62589399591838,68.64392410850844,38.95386300731245,78.92649593265327,29.573923102923743,52.37410600408162,4.631900953058228,1.6572181498454894
scored_cluster_12_bright1,P10023791,269039,-9.074251182706236,1,37.94385431633175,54.77036768185939,47.54340149814442,72.52701704895789,40.95960480934724,62.05614568366825,20.158217657214724,1.9114298838571304
scored_cluster_12_bright1,P1000203314,352465,-11.478025730943047,1,42.634512660266815,59.99943940473735,49.36260793812418,77.69555837585382,39.44474006823612,57.36548733973319,19.362888235755506,1.8223629995485349
scored_cluster_12_bright1,P10025631,269310,-12.322645241962425,1,45.97522499600213,48.71348336827219,33.27038005250542,58.99086073883888,34.3323309061326,54.02477500399787,8.913638368369327,1.283101077677565
scored_cluster_12_bright1,P10049033,315958,-14.89665926381146,1,45.37906895040575,70.26698396685127,41.953134353019806,81.8383438116893,30.839452686731647,54.62093104959425,6.81964236959417,1.803438142398414
scored_cluster_12_bright1,P10043303,299740,-50.71375659001546,0,60.17725220111345,31.2270795730758,12.80230549386927,33.749511472339314,22.29237704279018,39.82274779888655,-2.8112342926686296,0.5608350371257871
scored_cluster_12_bright1,P10024039,266977,-11.193882477304196,1,32.07032768337217,48.3682740463012,38.908281241650336,62.07531138381388,38.81380431894439,67.92967231662783,14.724144218499736,1.9355995360159264
scored_cluster_12_bright1,P1000203663,355747,-60.5973834450849,0,67.00950069305014,29.870812241841293,13.073539249735866,32.60648482283425,23.637521852993306,32.99049930694986,-1.8618668711847803,0.4865949527395301
scored_cluster_12_bright1,P10058380,324476,-5.546915906088071,1,36.18759455426181,60.68100234681029,35.58007869028078,70.34291752138354,30.38506835962397,63.81240544573819,5.239577516875634,1.943840655556899
scored_cluster_12_bright1,P10014122,187968,-57.603332952510975,0,61.85707651942218,26.974814056575923,9.402400829992752,28.566514221281786,19.21662426648749,38.14292348057782,-4.0850061982952095,0.4618148129311015
scored_cluster_12_bright1,P10023791,269291,-9.335767467604438,1,47.91270709995823,58.16453541492045,36.34372620421312,68.58556418402011,31.998930701862943,52.08729290004177,7.261458496752894,1.4314691933589347
scored_cluster_12_bright1,P10061920,353190,-13.32431169990362,1,42.9703610626163,67.07765895802441,46.82951328834017,81.80718578530777,34.92038611876751,57.0296389373837,13.290683809327966,1.9038049428092667
scored_cluster_12_bright1,P10050362,320317,-9.369759279477698,1,40.62963678182004,58.02538976215338,29.67193292443168,65.17184561236384,27.083440195390097,59.37036321817996,0.6592380433549856,1.6040469660689989
scored_cluster_12_bright1,P10024436,270714,-50.89787870483099,0,65.43485954853153,48.4352140866573,12.398941515376238,49.997037055430056,14.358811105164309,34.565140451468466,-11.81866552795241,0.7640734220320042
scored_cluster_12_bright1,P10052826,328088,-10.558205249815275,1,37.20681098803562,62.07260796965544,29.66885343018693,68.79861571293748,25.546407164788548,62.79318901196438,-1.3674505546407865,1.849086602317534
scored_cluster_12_bright1,P3492105,382703,-8.43371738695462,1,38.89057612991216,49.89491115555938,43.10641490051299,65.93682707559056,40.8251821282966,61.10942387008784,18.158959322733292,1.6954448516095943
scored_cluster_12_bright1,P10052683,329376,-80.14292058935266,0,70.23786218660616,24.802562713005017,-6.404333573300458,25.61606147811662,345.5217527407176,29.762137813393835,-18.805614929802967,0.3647044582601406
scored_cluster_12_bright1,P10043116,275813,-7.334241287764116,1,32.16907825825498,54.46231491408876,39.15077141946028,67.07403855844825,35.71084113762964,67.83092174174502,11.919613962415898,2.085046951609073
scored_cluster_12_bright1,P1000203002,334639,-7.4021484155356445,1,38.75881144859665,49.77994372610642,38.935680942154086,63.198338963959664,38.03095294282508,61.24118855140335,14.045709079100876,1.6305541011693716
scored_cluster_12_bright1,P10058379,324417,-91.88815783571278,0,77.91451185600447,18.535386440340478,-3.703020139470947,18.90166417662966,348.70212695755214,22.085488143995534,-12.970713359641184,0.2425949123773276
scored_cluster_12_bright1,P10050654,323734,-13.889184564250808,1,44.74097196645693,69.4975505264006,41.6677685248267,81.03155226828709,30.94510516605845,55.25902803354307,6.918993261626397,1.811126327989428
scored_cluster_12_bright1,P10025810,364541,-55.56282386002893,0,61.813565014341,26.480323213804613,13.343475134843263,29.652248585591952,26.743604480123334,38.186434985659005,0.1033135279409567,0.4797045531787806
scored_cluster_12_bright1,P10056588,344060,-9.421126484128884,1,47.06350761933133,61.88778832777542,37.77711267298445,72.50661063662331,31.40043527286264,52.93649238066867,6.833218509096735,1.5406121282562717
scored_cluster_12_bright1,P10057037,344743,-65.35558964291995,0,70.49533106103522,27.384030886392075,16.41449860448163,31.9268055405392,30.93925807088823,29.504668938964784,2.7224831612855915,0.4528924832326386
scored_cluster_12_bright1,P10058452,349570,-9.021066796478742,1,46.730206784545366,61.78308096619212,39.05731573261049,73.09324870268028,32.29978351799713,53.26979321545464,8.165775249514432,1.5641541891668609
scored_cluster_12_bright1,P10013914,239858,-7.33552038659076,1,38.55786531880937,50.69738746555991,35.4451431234301,61.85938301400649,34.95937072885533,61.44213468119063,10.096449390650148,1.6043259268253662
scored_cluster_12_bright1,P10052826,328083,-2.913252437312458,1,38.62200562990759,59.12621756623904,36.718143239602206,69.59979631187277,31.840814003418306,61.37799437009241,7.155034456482689,1.8020761785083736
scored_cluster_12_bright1,P10054681,270411,-10.285954560958588,1,40.945255419212536,65.4001971927558,32.99686538044349,73.25284238708046,26.77266649165375,59.05474458078746,0.2967667840655892,1.7890434834779023
scored_cluster_12_bright1,P1000206798,367303,-13.493449798652383,1,35.69871504516605,50.54336170171905,27.572306499464812,57.57485126173779,28.61325541693537,64.30128495483396,2.3006256486052905,1.612798981388939
scored_cluster_12_bright1,P1000208239,371916,-55.34521487479203,0,12.120120870347655,20.740314314082298,7.009901293098975,21.892906476434728,18.674447623408696,87.87987912965235,-3.3602558639421742,1.8063274047040712
scored_cluster_12_bright1,P10058623,348853,-14.208606432145132,1,36.82789861721296,50.33927292688628,26.58779154274149,56.92936902801419,27.841757238279055,63.17210138278704,1.4181550792983515,1.5458218135043422
scored_cluster_12_bright1,P3891114,139092,-69.14956321306826,0,69.64560289109595,18.730125339528115,18.292454832122782,26.180746723874883,44.32269699483112,30.354397108904053,8.927392162358728,0.3759138500791417
scored_cluster_12_bright1,P4147089,312494,-13.122112364464169,1,38.59071966775471,45.83129047641968,32.276567435225175,56.05607899358103,35.155022312839776,61.409280332245295,9.360922197015334,1.4525792593710003
scored_cluster_12_bright1,P3250036,34539,-54.15932435614671,0,67.93050524960212,34.40167557838825,24.086355945034565,41.99556911522424,34.997813292911815,32.06949475039788,6.88551815584044,0.6182137017959279
scored_cluster_12_bright1,P3557001,432976,-5.796799352443187,1,34.658257292212625,58.70311539759726,35.30020123064664,68.49934280201356,31.01993967294402,65.34174270778738,5.948643531848006,1.9764220175434124
scored_cluster_12_bright1,P10052826,328065,-6.237619276855329,1,44.8728601368494,57.25916860932656,40.88572446784019,70.35804755030823,35.528611482968415,55.1271398631506,12.256140163176912,1.5679421221588348
scored_cluster_12_bright1,P10052826,330938,-14.165665053691004,1,44.58475745914853,58.39566508305588,25.90487206778953,63.88361368411288,23.92252896844332,55.41524254085147,-3.292960473738411,1.432857714716677
scored_cluster_12_bright1,P10057524,345825,-5.463791868009017,1,42.176994005752384,52.75137663342721,38.91599478289442,65.55274507344416,36.4171133975035,57.823005994247616,12.540306466180816,1.5542298975717337
scored_cluster_12_bright1,P10052293,324970,-13.013415353084149,1,39.86892747910451,49.0193993984328,28.7570348295904,56.83193265738329,30.397847003929652,60.13107252089549,4.2473351303739975,1.4254693128419162
scored_cluster_12_bright1,P1000207987,371287,-62.669970184187534,0,49.10120323287177,23.40007291611168,-12.951910552035905,26.745380898900702,331.0355279145914,50.89879676712823,-24.651947010091742,0.5446990936669243
scored_cluster_12_bright1,P10054681,337265,-8.65219498578909,1,38.36042841521497,59.84685625024147,47.06298465537176,76.13521345414895,38.18116552880275,61.63957158478503,17.13955653025102,1.984733137754825
scored_cluster_12_bright1,P10043116,299731,-60.20940458129772,0,70.53124938506511,40.86041891028525,13.476120843578654,43.025337494489584,18.253004085406587,29.46875061493489,-6.95408861156397,0.6100180823338731
scored_cluster_12_bright1,P1000205701,365485,-12.92866628359138,1,50.01817066404632,50.73443196340327,39.17158036436743,64.09676508913138,37.67139463724613,49.98182933595368,13.804364382665796,1.2814695987113525
scored_cluster_12_bright1,P10023791,269304,-58.25643764525178,0,69.15769313767773,49.74496942295037,9.426200765921088,50.6301811548183,10.729791199321312,30.842306862322275,-15.446283945554097,0.7320975998147418
scored_cluster_12_bright1,P10052826,328080,-52.39123590535729,0,60.07530430028325,39.69087267273564,4.16881242603464,39.90920157766594,5.995907396074983,39.92469569971675,-15.676623910333175,0.6643195909284436
scored_cluster_12_bright1,P10056323,343372,-4.897831396989941,1,40.54036692422172,58.51503414902226,34.41107063602018,67.88321592100961,30.45860623067864,59.459633075778285,5.153553561509046,1.6744598303191804
scored_cluster_12_bright1,P10058452,365277,-51.18868820573175,0,59.55058690337613,31.90203326444696,10.16128890554735,33.48121142712551,17.667478319429108,40.44941309662387,-5.78972772667613,0.562231426559246
scored_cluster_12_bright1,P10056323,343355,-9.357535431159596,1,44.86011891357751,49.9144932245974,39.26568107101458,63.50787623467669,38.19067545614541,55.13988108642249,14.308434458715883,1.415686756359783
scored_cluster_12_bright1,P4147089,217269,-63.9675686123227,0,44.88972884793986,41.49841187931691,-22.87780152421908,47.38683352036715,331.13234085348245,55.11027115206014,-43.62700746387753,1.055627528535225
scored_cluster_12_bright1,P10014122,187973,-63.37679643505172,0,69.63537047901276,28.25339098254737,16.862052290145037,32.902627698229125,30.82939341211357,30.36462952098724,2.7353567988713543,0.4724987814654561
scored_cluster_12_bright1,P10023791,269140,-92.55364736182896,0,84.08727875356834,21.422734878341565,8.324406337100765,22.983239774515592,21.235037910952485,15.91272124643166,-2.3869611020700177,0.2733260026391361
scored_cluster_12_bright1,P10056323,343356,-11.2003112438239,1,40.94621215083568,50.27360843871398,30.2598712597131,58.67789629923302,31.043890904772297,59.05378784916432,5.123067040356112,1.433048216598845
scored_cluster_12_bright1,P10052215,309941,-55.160425513086494,0,18.92436834453123,16.56802579115452,7.368752735657546,18.13278785779015,23.977462481996557,81.07563165546877,-0.915260159919713,0.9581713654939592
scored_cluster_12_bright1,P10060056,330260,-64.1363666650498,0,30.36054517970443,28.897422297019556,-18.06052253382554,34.077022898238965,327.9951392044435,69.63945482029557,-32.50923368233532,1.1224114289297724
scored_cluster_12_bright1,P4147086,217105,-61.74311800055023,0,26.351827815132893,25.563733851046987,-12.65527703735987,28.52473532391657,333.6623779891392,73.64817218486711,-25.43714396288336,1.082457563248643
scored_cluster_12_bright1,P1000206805,367544,-53.41975945366396,0,62.2052666228855,34.19022943018546,10.10065352414209,35.65101667699652,16.458465576860135,37.7947333771145,-6.994461190950641,0.5731189433384793
scored_cluster_12_bright1,P10058806,345238,-60.20797975971037,0,68.69163433753573,35.308798744979775,12.867613615949702,37.58040378951322,20.02329793194013,31.30836566246427,-4.786785756540185,0.5470885086945421
scored_cluster_12_bright1,P10025188,270697,-11.299157210999276,1,45.869102434797895,50.71910583222522,32.65679245564439,60.32324419252909,32.77649505064119,54.130897565202105,7.297239539531784,1.3151171701752284
scored_cluster_12_bright1,P3462064,45421,-6.932482500473376,1,34.63254069865982,54.47291102284768,43.532994115865264,69.73105199260254,38.63072082891557,65.36745930134018,16.296538604441423,2.0134547043295887
scored_cluster_12_bright1,P10043303,329904,-14.887940889715528,1,49.77261369489135,48.04456908130816,34.20334111768732,58.9758354058802,35.44739015704596,50.22738630510865,10.181056577033242,1.184905333029225
scored_cluster_12_bright1,P10033916,278150,-10.623495677307126,1,40.930074170763874,52.09025452525595,29.73699870437634,59.98069446455274,29.72094459797444,59.069925829236126,3.691871441748365,1.4654430923899135
scored_cluster_12_bright1,P10060056,330251,-2.901094868293485,1,37.84315479420527,55.56729008237807,40.98588727774496,69.04756826306895,36.41212094187108,62.15684520579473,13.202242236555923,1.8245722017246264
scored_cluster_12_bright1,P10054586,336740,-3.8155834690929793,1,36.27077400411652,59.38383309685863,37.31281990014208,70.13334557951733,32.142500555883544,63.72922599588348,7.620903351712766,1.933604879001413
scored_cluster_12_bright1,P10014832,232899,-11.948310627282517,1,49.28729656832236,58.38276418230664,32.941398457070584,67.03493780018238,29.43306312887773,50.71270343167764,3.750016365917261,1.3600855081848144
scored_cluster_12_bright1,P10025188,270693,-53.79416421166943,0,62.12567152397365,36.46735857406469,7.736796871249885,37.279032541046334,11.97808182190181,37.87432847602635,-10.49688241578246,0.6000584239425202
scored_cluster_12_bright1,P10023791,271244,-14.007858395589547,1,40.86815689778561,48.24116819139779,28.23660073866152,55.89736961383166,30.341363029403965,59.13184310221439,4.116016642962627,1.367748728028897
scored_cluster_12_bright1,P1000206201,369895,-132.3371998425497,0,100.00000386666652,-1.6666666047271406e-05,6.666666418908562e-06,1.79505486900059e-05,158.19859051364824,-3.866666517637896e-06,1.4999999442544263e-05,1.795054799591807e-07
scored_cluster_12_bright1,P10056323,343352,-8.125128460235235,1,41.50284179869425,64.3744762540422,36.05418347654164,73.78331341937938,29.25185951600332,58.49715820130575,3.8669453495205417,1.7777894289084737
scored_cluster_12_bright1,P10041224,329035,-51.80362402363156,0,57.8185322848563,24.74678288376275,13.233970470080791,28.063165136866928,28.136774875959414,42.1814677151437,0.8605790281994157,0.485366266279595
scored_cluster_12_bright1,P10060056,330227,-11.385492345796404,1,29.52406838682277,50.993915214297466,37.42293345885573,63.25231487897421,36.27384929068211,70.47593161317724,11.925975851706998,2.142398332446794
